document,name,dt_nascimento,id
374622747183845,Dillon Ahearne,2024-01-15,1
374622222228859,Maison Dart,2024-10-22,2
374622220801228,Trixie Sands-Allan,2024-03-08,3
374622677904327,Fonz Rawls,2024-08-22,4
374622029171831,Domenico Koene,2024-04-08,5
374622523080439,Ali Seamen,2024-10-26,6
374622867094038,Hermia Shemmans,2024-10-02,7
374622769449090,Martguerita Uwins,2024-02-13,8
374622252225163,Kassey McGavigan,2024-07-16,9
374622795187847,Foss Glitherow,2024-08-30,10
374622695963792,Lori Clampe,2024-02-10,11
374622591771588,Diena Dupree,2024-09-02,12
374622757954531,Krysta Kasbye,2024-09-09,13
374622388636382,Melosa Labrone,2024-02-16,14
374622539795921,Vikky Schwieso,2024-04-01,15
374622937672896,Drugi Sealy,2024-10-20,16
374622418317185,Reinaldo Suttill,2024-01-01,17
374622568836067,Celia Epdell,2024-02-15,18
374622153694665,Cordelie Whifen,2024-11-03,19
374622772723838,Dorolice Sharphurst,2024-08-11,20
374622708359020,Sarita Hendrickson,2023-12-17,21
374622744786095,Bibby Irving,2024-05-13,22
374622347829888,Berget Colliver,2024-03-26,23
374622318001079,Rube Cominoli,2024-07-02,24
374622627936775,Nessa Comusso,2024-11-04,25
374622273987619,Willette Wahlberg,2023-12-30,26
374622703374974,Fredra Dinnies,2024-06-02,27
374622446594938,Gianna Cattlemull,2024-02-22,28
374622113042377,Gus Davis,2024-01-16,29
374622060514519,Jessamine Glew,2024-02-23,30
374622574267471,Carrie Katte,2024-05-12,31
374622318084588,Christye Saiger,2024-10-05,32
374622827530998,Dyanne Annets,2024-03-09,33
374622432368974,Colas Troke,2024-05-25,34
374622193099453,Gerrilee Tubbs,2023-12-23,35
374622413096057,Cullen Staig,2024-03-02,36
374622207476481,Phaidra Soonhouse,2023-12-19,37
374622429748311,Levon Botwood,2024-02-10,38
374622139364292,Zachariah Colley,2024-06-12,39
374622608137591,Whitney Cabell,2024-11-29,40
374622631980538,Shurlock Buffham,2024-04-20,41
374622707337431,Trixie Mulrenan,2024-08-16,42
374622608999040,Trevar Acland,2024-08-07,43
374622397090498,Tasha Cauderlie,2024-05-19,44
374622422398122,Niki Rosetti,2024-06-18,45
374622786519008,Tommie De Maine,2024-04-05,46
374622756011366,Powell Hugli,2024-03-08,47
374622890148421,Giselbert Saldler,2024-09-05,48
374622831075055,Jacquette Lynn,2024-01-29,49
374622861329208,Gerardo Aloshechkin,2024-01-20,50
374622440162807,Goldina Dymidowski,2024-04-03,51
374622501748023,Elayne Siflet,2024-08-13,52
374622025369439,Eldredge Jerzyk,2023-12-30,53
374622992420215,Reginald Renney,2024-04-05,54
374622578242488,Laurella Trillow,2024-11-16,55
374622655466364,Trish Guppey,2023-12-20,56
374622479365719,Juan Poge,2024-09-09,57
374622424630431,Kathrine Backsal,2024-06-03,58
374622111975636,Patton Cavet,2024-09-16,59
374622779871481,Shaina Bremeyer,2024-03-28,60
374622386036445,Deanne Wainwright,2024-09-02,61
374622424385150,Andrus Linsay,2024-09-27,62
374622623467320,Noe Frane,2024-09-28,63
374622183870459,Rudiger MacVay,2024-09-12,64
374622235316121,Berkley Waadenburg,2024-06-15,65
374622604558634,Geralda Kain,2024-01-21,66
374622282721371,Bernadette Danes,2024-10-29,67
374622651773367,Bathsheba Arblaster,2024-08-25,68
374622216830694,Arron Causbey,2024-05-24,69
374622563187789,Wiley Morcombe,2024-03-14,70
374622148788200,Lynea Manwaring,2024-05-28,71
374622086478293,Tiphanie Bradfield,2024-11-24,72
374622170879158,Gayle Balderstone,2024-11-07,73
374622718623761,Isabelita Singh,2024-05-24,74
374622404726340,Ilysa Beadnall,2024-09-24,75
374622121923352,Carmelina Linner,2024-11-12,76
374622212667777,Bernadine Silver,2024-10-11,77
374622669790304,Rorie Sinyard,2024-11-02,78
374622820943529,Denys De Metz,2024-08-15,79
374622651908914,Yetty McParlin,2024-07-29,80
374622382398674,Dallon Porte,2024-12-05,81
374622690784128,Darelle Marritt,2024-01-07,82
374622096713754,Kayle Mouland,2024-04-27,83
374622661686468,Ganny Harvard,2024-10-07,84
374622036305869,Nicolis Poore,2024-03-07,85
374622284136438,Fawn Woollaston,2024-04-24,86
374622366548674,Dreddy Katz,2024-03-21,87
374622230595604,Alyse Greer,2024-11-19,88
374622112419584,Erda Gooding,2024-03-11,89
374622599579157,Melisent Blethyn,2024-03-09,90
374622983184275,Benedetta Haking,2024-11-22,91
374622203650451,Jewel Dilks,2024-01-28,92
374622930322465,Roselin Woolstenholmes,2024-06-11,93
374622573802831,Jessalyn Cowe,2024-01-24,94
374622390535861,David Hambrook,2024-04-03,95
374622129981139,Orran Chadburn,2024-11-19,96
374622164638180,Dynah Enocksson,2024-01-29,97
374622417906830,Vidovik Slee,2024-03-11,98
374622575856603,Gregorius Rambaut,2024-06-04,99
374622974921198,Audy Malatalant,2024-10-11,100
374622545203266,Calley Woodward,2024-02-27,101
374622243609590,Flore Yukhin,2024-01-01,102
374622546200329,Cherry Bilton,2024-02-25,103
374622966721762,Kali Frostdicke,2024-08-02,104
374622808007313,Jacintha Hirtz,2024-06-03,105
374622006386915,Bella Devericks,2024-09-07,106
374622172010729,Ingunna Duprey,2024-12-08,107
374622617282784,Nickola Witherop,2024-09-25,108
374622887590445,Bobbe Barwis,2024-06-15,109
374622888873105,Meridel Luker,2024-03-22,110
374622558772421,Eda Trass,2024-05-01,111
374622881890197,Ardis Alejo,2024-09-03,112
374622736919134,Barrett O'Harney,2024-11-03,113
374622600702970,Cicely Climar,2024-11-30,114
374622338188278,Cristiano Larmor,2024-06-27,115
374622749299755,Sylas Whebell,2024-06-23,116
374622623948360,Freddie Haylands,2024-10-14,117
374622772263728,Lilly Jaulmes,2024-02-15,118
374622754691995,Orton Doerrling,2024-08-07,119
374622750705146,Florrie Slyme,2024-04-18,120
374622663808219,Archibaldo Readshaw,2024-06-29,121
374622506859171,Truda Mawman,2024-10-12,122
374622485944911,Wilhelmine Jacobowits,2024-04-20,123
374622593407264,Sterling Noulton,2024-05-31,124
374622392108659,Frankie Gold,2024-04-23,125
374622733863301,Jackson Ligoe,2024-04-13,126
374622272460162,Sallyann Sandiland,2024-11-06,127
374622931780810,Christophe Luther,2024-03-13,128
374622289045899,Erich Smeall,2024-10-09,129
374622459130737,Galvan Glentworth,2024-11-04,130
374622212912348,Erena Wilshire,2024-09-18,131
374622918081869,Casie Fader,2024-03-17,132
374622613179703,Armstrong Imlach,2024-01-26,133
374622169070587,Nolan Pfertner,2024-12-04,134
374622049931743,Tailor Cornuau,2024-07-30,135
374622025730754,Garry Sorel,2024-09-24,136
374622241916724,Lainey Sinney,2024-01-07,137
374622399473742,Lidia Brunone,2024-02-02,138
374622244536552,Dalt Eicheler,2024-06-28,139
374622331866979,Hamid Cavie,2024-09-19,140
374622291160223,Rollin Dalman,2024-09-08,141
374622430119775,Rockwell Walework,2024-10-19,142
374622099322082,Annaliese Erridge,2024-01-01,143
374622717840028,Bernadene Dangl,2024-06-13,144
374622143637048,Ronnie Dodgshun,2024-09-23,145
374622062417091,Fonzie Lyddiatt,2024-08-10,146
374622609097836,Stuart Simson,2024-10-03,147
374622284990370,Luciano Fallens,2024-02-01,148
374622870224218,Lee Garnsworth,2024-07-06,149
374622301313986,Adria Frascone,2024-09-02,150
374622372982156,Judd Leed,2024-07-18,151
374622319491691,Merl Beever,2024-04-11,152
374622379681579,Charmaine Sutherley,2024-01-01,153
374622854107462,Vin Dumsday,2024-07-18,154
374622361292989,Berty Shipston,2024-05-10,155
374622764167127,Belicia Chateau,2024-02-27,156
374622225069193,Bondy Klus,2024-10-20,157
374622515595071,Griz Tallant,2024-03-03,158
374622543588023,Rolph Heyball,2024-01-28,159
374622415725869,Regan Millen,2024-05-29,160
374622329142151,Kalila Teape,2024-10-04,161
374622344291926,Miguel Leuty,2024-05-05,162
374622557463113,Orbadiah Baggett,2024-02-20,163
374622170119332,Emera Barok,2024-04-23,164
374622066399642,Corinna Howie,2024-10-08,165
374622648397759,Winnifred MacPhaden,2024-09-18,166
374622754389848,Loren Toop,2024-04-17,167
374622887856887,Lorelle Soff,2024-11-24,168
374622838503281,Marleah Richardes,2024-08-29,169
374622295223795,Davide Devita,2024-02-02,170
374622187891428,Boyd Dunsmore,2024-01-05,171
374622641128524,Juieta Stenbridge,2024-01-23,172
374622354050014,Max Wynter,2024-11-09,173
374622934609016,Terra Laverick,2024-04-23,174
374622548705077,Sharona Truter,2024-11-26,175
374622387478000,Chance Syncke,2024-10-04,176
374622723313879,Camellia Doddrell,2024-04-02,177
374622905595046,Amata Franceschi,2024-10-08,178
374622232136217,Michaelina Bosman,2024-11-27,179
374622788599263,Winthrop Goodley,2024-07-13,180
374622597202828,Warde Howgate,2024-06-03,181
374622805430179,Jody Thornhill,2024-06-06,182
374622550778988,Pattie Latta,2024-06-09,183
374622948720668,Osgood Easterling,2023-12-31,184
374622873072507,Johnathon Penwright,2024-09-14,185
374622679622851,Dewey Skelcher,2024-02-12,186
374622388946732,Lisetta Mirando,2024-11-12,187
374622972739568,Emmalee Ramsbotham,2024-08-11,188
374622724678239,Carlyle Custard,2024-03-16,189
374622025986406,Stoddard Heustice,2024-03-20,190
374622966362591,Thomasina Mahony,2024-10-17,191
374622776242405,Harmon Bugler,2024-10-24,192
374622360231723,Sawyere Trazzi,2024-12-06,193
374622879336849,Ynes Connechy,2024-08-05,194
374622965911018,Riobard Ghiraldi,2024-03-26,195
374622023774515,Frankie Spottiswood,2024-04-30,196
374622580942398,Jerrylee Rossi,2024-05-31,197
374622640025689,Issy Beebe,2024-07-22,198
374622331643121,Liza Leaver,2024-06-13,199
374622716604391,Kata Delgardo,2024-06-23,200
374622258309961,Hanni Cannop,2024-12-01,201
374622074852525,Glyn Pecey,2024-07-14,202
374622639235869,Roarke Palffrey,2024-08-19,203
374622432494051,Melvyn Blanden,2024-03-27,204
374622279267412,Jeremy Iveagh,2024-10-19,205
374622094353249,Bernadette Alelsandrowicz,2024-09-12,206
374622122664500,Ivette Davers,2024-07-31,207
374622918821629,Karlan MacCallam,2024-04-16,208
374622156869116,Guthrie Mintoff,2024-07-15,209
374622781496459,Filberto Duferie,2024-03-22,210
374622035156040,Nissy Barkway,2024-08-02,211
374622020433602,Lesya Mathiassen,2024-02-23,212
374622626944317,Rab Bartaloni,2024-10-04,213
374622398240092,Randell Braunle,2024-08-21,214
374622633793822,Tova McKennan,2024-09-30,215
374622990054040,Nadia Norvill,2024-10-03,216
374622550014830,Launce Jevon,2024-04-13,217
374622723777321,Dorian Inglesent,2024-11-12,218
374622643413023,Janine Marjoram,2023-12-22,219
374622820978954,Pansie Phillp,2024-03-13,220
374622383935227,Fannie Mouser,2024-03-01,221
374622681748694,Etheline Ryce,2023-12-23,222
374622465632585,Guillermo Giotto,2024-07-27,223
374622943188580,Arliene Pepperell,2024-05-25,224
374622603952523,Noel Matchett,2024-04-24,225
374622388838756,Clementia Londesborough,2024-06-24,226
374622718783854,Pegeen Cannell,2024-01-27,227
374622213312357,Dario Apperley,2024-12-07,228
374622097098338,Mirella Asling,2024-09-06,229
374622172365339,Odille Skowcraft,2024-02-21,230
374622175948685,Lonnard Trimming,2024-01-13,231
374622521894500,Brendis Pilkinton,2024-03-03,232
374622824003866,Cleon Rispen,2024-07-31,233
374622009395848,Grantham Cardiff,2024-03-17,234
374622751675819,Ferrel Beernt,2024-03-07,235
374622660011759,Chevalier Danelutti,2024-04-07,236
374622089907702,Mendel Benedikt,2024-11-14,237
374622153061352,Joscelin Pascall,2024-03-27,238
374622511639980,Ardene McCaughen,2023-12-21,239
374622099197385,Blair Worrell,2024-03-02,240
374622533225735,Conrado Houtby,2024-08-10,241
374622736894220,Julia Antonescu,2024-04-30,242
374622840600786,Glyn Orman,2024-02-28,243
374622450634729,Redd Gosselin,2024-09-27,244
374622247575821,Valeria Uebel,2024-06-08,245
374622403045957,Clayborne Brooking,2024-08-10,246
374622394262595,Lauri Ramsay,2024-06-18,247
374622455348622,Felice Burnell,2024-06-23,248
374622509884754,Kyrstin McTeggart,2024-08-30,249
374622618830086,Aldon Bonas,2024-11-26,250
374622283459104,Jackqueline Kulis,2024-08-02,251
374622789157830,Morrie Breakey,2024-03-19,252
374622661106442,Dari Bonsall,2023-12-28,253
374622576258890,Krystalle Woodyear,2024-03-04,254
374622106558355,Robinett Goning,2024-02-07,255
374622106690018,Noell Edes,2024-06-20,256
374622040745407,Adria Bangham,2024-03-06,257
374622698450318,Vincenty Insall,2024-06-02,258
374622501574072,Nataniel McCaster,2024-07-30,259
374622143792496,Pancho Sallarie,2024-10-21,260
374622575366454,Dede Drakers,2024-08-12,261
374622974996810,Garland Le Teve,2024-10-10,262
374622867603473,Lonnard Baldacchi,2024-05-12,263
374622505230382,Brigida Twells,2023-12-24,264
374622831589675,Clair Alcalde,2024-06-04,265
374622552765538,Steward Tuite,2023-12-27,266
374622668786477,Barbie Rowler,2024-02-08,267
374622583956296,Brandyn Eustanch,2024-12-04,268
374622967420505,Lalo Morehall,2024-07-30,269
374622978400165,Delbert Herety,2024-10-03,270
374622394217607,Bondon Youdell,2024-06-07,271
374622005766034,Ruthy Lynam,2024-09-17,272
374622926595918,Saloma McElroy,2024-07-21,273
374622798911706,Guido McTague,2024-06-29,274
374622193601365,Patti Eskrigg,2024-01-12,275
374622579811802,Maribelle Toffaloni,2024-06-16,276
374622153529408,Nikolaus McMaster,2024-06-05,277
374622550316078,Ted Gawkes,2024-07-26,278
374622507196847,Quentin Hatherall,2024-11-11,279
374622967975953,Meriel Vequaud,2024-01-17,280
374622394725773,Templeton Montilla,2024-10-30,281
374622230866567,Clark D'Angeli,2024-07-09,282
374622283880846,Germana Golledge,2024-02-10,283
374622768820218,Georgie Chainey,2024-02-22,284
374622713957016,Silvia Embery,2024-09-03,285
374622139410152,Winna Gillbard,2024-07-13,286
374622355407924,Emmie Seide,2024-03-21,287
374622169475117,Simmonds Trewartha,2024-10-29,288
374622491480058,Willey Scrowston,2024-07-11,289
374622711178326,Bat Elgram,2024-11-05,290
374622066752782,Zacharias Ginger,2024-02-09,291
374622395718843,Brandon Bedson,2023-12-10,292
374622904252755,Katusha Woodes,2024-09-14,293
374622918116558,Neila Quennell,2024-06-21,294
374622087414958,Carena Linny,2024-05-20,295
374622806674809,Luisa Pipe,2024-01-09,296
374622351340186,Jobey Giacoboni,2024-11-19,297
374622681134317,Sigmund Haet,2024-03-01,298
374622453046442,Kelley McCaughey,2024-11-04,299
374622978169026,Kyrstin Farrand,2024-05-23,300
374622085392651,Jenine Buten,2024-06-20,301
374622044388980,Aluino Sproul,2024-04-26,302
374622370066036,Reagan Pim,2024-08-28,303
374622296765166,Wesley Leschelle,2024-07-30,304
374622991625137,Rosy Roydon,2024-02-21,305
374622780527437,La verne Marcham,2024-09-01,306
374622880628424,Aundrea Oke,2024-09-30,307
374622469272024,Leese Kisting,2024-10-10,308
374622445682098,Britt Coverlyn,2024-10-08,309
374622007899643,Katy Balwin,2024-07-30,310
374622647909661,Pru Stutely,2024-01-27,311
374622733525793,Inna Rillett,2024-04-02,312
374622691889785,Aggie Ferby,2024-02-09,313
374622625519433,Dougie Newns,2024-06-30,314
374622929627049,Janos Barroux,2023-12-30,315
374622462421602,Chrissy Burtt,2024-04-06,316
374622820450194,Sigrid Pavkovic,2024-07-15,317
374622869928746,Melesa Routh,2024-04-06,318
374622943422922,Olvan Kapelhoff,2024-05-03,319
374622927067669,Janifer Labbet,2024-07-22,320
374622955430276,Torey Anker,2024-09-11,321
374622546785774,Gregor Gauden,2023-12-20,322
374622285802400,L;urette Arch,2023-12-10,323
374622878159820,Morena Mardle,2024-11-14,324
374622788844545,Sigrid Gaunter,2024-11-29,325
374622947542071,Gardy Bullivant,2024-08-21,326
374622147150378,Kayla Lenormand,2024-11-05,327
374622662616845,Troy Schimann,2024-09-25,328
374622126844421,Bay O'Halloran,2024-11-02,329
374622048823032,Virgilio Steels,2024-10-05,330
374622016756164,Candis Unitt,2024-05-01,331
374622054046569,Bill Tooley,2024-08-28,332
374622313326646,Nonah Brickett,2024-05-23,333
374622618105117,Enriqueta Durning,2024-09-27,334
374622836249598,Stanley Tithacott,2024-09-25,335
374622549780483,Lib Urion,2023-12-19,336
374622776822974,Lockwood Corn,2024-09-18,337
374622550542210,Marianna Mance,2024-10-22,338
374622421193375,Frank Fechnie,2023-12-16,339
374622503432683,Nels Covert,2024-10-16,340
374622422768530,Kandy Thirlwell,2024-10-11,341
374622026600147,Burl Tolumello,2024-07-09,342
374622983870063,Marshall Hoy,2024-02-22,343
374622328336838,Portia Frayne,2024-01-01,344
374622052469052,Reeta Sharrier,2024-10-23,345
374622365391688,Glynda Crumpton,2024-09-01,346
374622962705678,Bibi Trimming,2024-04-04,347
374622235308250,Ev Kienl,2024-09-05,348
374622119708336,Margarette Binch,2024-08-15,349
374622293191614,Ronnie Lenthall,2023-12-23,350
374622549579984,Nona Mabee,2024-07-09,351
374622871591870,Melloney Hummerston,2024-08-21,352
374622579679209,Ariella Grady,2024-05-12,353
374622601816381,Moshe Brambley,2024-02-15,354
374622849866818,Candi Baxandall,2024-03-31,355
374622526329718,Forrest Cunradi,2024-01-10,356
374622727024951,Marchall Raycroft,2024-06-18,357
374622049992976,Leese Clendening,2024-05-27,358
374622782111727,Taite Essberger,2024-06-24,359
374622879245792,Bat Jeyness,2024-01-05,360
374622470853879,Rockwell Ashbridge,2024-03-29,361
374622176718715,Nixie Crompton,2023-12-30,362
374622296551236,Ellene Zupa,2024-03-21,363
374622770148673,Babb Skeats,2024-02-24,364
374622232878628,Fabian Bailes,2024-06-25,365
374622953838330,Norby Sapshed,2024-03-24,366
374622626719867,Eryn Worrall,2024-09-25,367
374622642805047,Ronda Gownge,2024-10-29,368
374622215818898,Gal Withers,2024-03-23,369
374622568076433,Hebert McKeaveney,2024-02-13,370
374622650571523,Zane MacLaren,2024-03-15,371
374622233453496,Matteo Eborall,2024-01-28,372
374622011845277,Karyl Ondrus,2024-08-08,373
374622679407568,Melania Rotlauf,2024-05-01,374
374622878401461,Bettine Dael,2024-09-19,375
374622160661509,Joletta Spyvye,2023-12-23,376
374622536803561,Pearce Bilton,2024-12-07,377
374622431083434,Zebadiah Durand,2024-03-20,378
374622954151584,Aryn De Luna,2024-11-11,379
374622876058115,Lowe Kilgrove,2024-01-22,380
374622261281009,Wendi Leile,2024-05-12,381
374622102557807,Chancey Devote,2024-09-06,382
374622621147767,Leanor Bell,2024-01-25,383
374622401009070,Nicol Cristobal,2024-08-17,384
374622365824373,Jerome Kingsnorth,2023-12-20,385
374622664511572,Chrissy Jerrard,2024-03-04,386
374622813296265,Dore Hazelden,2024-08-12,387
374622766704877,Elliot Koppel,2024-07-20,388
374622681600093,Farah Coode,2024-04-09,389
374622388566506,Griz Aughton,2024-08-02,390
374622024210246,Harold Davisson,2023-12-24,391
374622945709771,Farah Giovannini,2024-10-30,392
374622083093061,Saunderson Lidgley,2024-05-16,393
374622482061164,Nonah De Domenicis,2024-04-24,394
374622768424375,Claudian Desmond,2024-02-11,395
374622116494336,Matt covino,2024-05-07,396
374622907745458,Burr Baumaier,2024-06-16,397
374622353178592,Averell Bliss,2024-08-05,398
374622876601278,Aldus Embury,2024-03-18,399
374622982270232,Prentice Kellington,2024-11-14,400
374622840062110,Oralee Heady,2024-06-27,401
374622135852399,Ted Brenstuhl,2024-10-03,402
374622393275010,Devondra Decort,2024-06-06,403
374622090540302,Roley Slowgrave,2024-08-28,404
374622384319231,Gerome Milvarnie,2024-03-30,405
374622131354465,Antonio Ferreira,2024-08-04,406
374622113446206,Eustace Edgerton,2024-06-11,407
374622987016267,Kara McLagan,2024-05-24,408
374622914918593,Winnie Nickoles,2024-10-04,409
374622933983776,Jaime Mailes,2024-08-19,410
374622264361402,Melitta Grindlay,2024-05-17,411
374622287886724,Jemimah Harbertson,2023-12-17,412
374622775627838,Jannel Kennerknecht,2024-07-20,413
374622580801792,Chastity Giovannelli,2024-01-21,414
374622761081065,Eulalie Lebrun,2024-11-19,415
374622201230520,Orella Rampage,2024-01-12,416
374622559145601,Aline Willavoys,2024-07-23,417
374622923871023,Thebault Debow,2024-10-10,418
374622144610697,Pincas Fleote,2024-05-12,419
374622244804554,Neala Gallardo,2024-11-16,420
374622540728556,Norri Smorthwaite,2024-04-21,421
374622375236121,Chantal Battams,2024-07-17,422
374622855586516,Laurent Lovick,2024-11-28,423
374622149392366,Marylee Arni,2024-02-18,424
374622480988921,Gerianne Banbridge,2024-06-24,425
374622427805295,Maritsa Thirkettle,2024-11-20,426
374622942299610,Chas Duggan,2023-12-13,427
374622136337291,Moira Almond,2024-01-24,428
374622652146621,Kassie Nealy,2024-05-15,429
374622248256587,Tallie Skelding,2024-09-08,430
374622604798644,Fredra di Rocca,2023-12-21,431
374622277829353,Tomlin Duker,2024-02-21,432
374622868523514,Jayson Olivetti,2024-11-14,433
374622141813229,Dawn Sleany,2024-02-22,434
374622306069815,Karina Aldcorne,2024-08-12,435
374622657572383,Esta Kelley,2024-01-10,436
374622042187251,Carol Dracksford,2024-02-20,437
374622410721368,Maryanna De Pero,2024-10-01,438
374622111944954,Clementia Donnison,2024-11-11,439
374622638865625,Happy Conradie,2024-10-11,440
374622118881852,Rona Norrie,2024-09-13,441
374622245511133,Towny Toke,2024-08-19,442
374622983444893,Monty Kilpatrick,2024-08-25,443
374622069220381,Marcile Bather,2024-04-30,444
374622715077490,D'arcy Gover,2023-12-29,445
374622430987684,Gearard Almak,2024-05-02,446
374622334220729,Brittne O'Hagirtie,2024-08-17,447
374622665566716,Regine Le Gallo,2024-04-03,448
374622257989490,Joannes Lucy,2024-12-03,449
374622515925138,Aarika Gaylord,2024-10-23,450
374622331219930,Adriana Kay,2024-05-01,451
374622716756860,Saxe Hankard,2024-11-19,452
374622914702302,Cullie Walaron,2024-03-18,453
374622434872957,Toiboid Niblock,2024-06-02,454
374622875513359,Prescott Peller,2024-04-19,455
374622816083892,Lowell Condy,2024-11-24,456
374622700198475,Kerry Konzelmann,2024-10-11,457
374622039466320,Had Pennacci,2024-06-18,458
374622704053692,Nealy Webster,2024-09-27,459
374622747871985,Kahaleel Trumpeter,2024-11-23,460
374622243696068,Thea Croneen,2024-12-05,461
374622861558822,Dacey Upson,2024-11-26,462
374622428543531,Laughton Nary,2024-05-30,463
374622018055110,Karmen Clulee,2024-03-11,464
374622772487798,Sherrie Rubinek,2024-11-16,465
374622126549376,Rubetta Bowe,2024-11-22,466
374622384053954,Arleta Bazley,2024-08-20,467
374622300046934,Brady Astbury,2024-09-10,468
374622774047152,Marin Phalip,2024-06-07,469
374622578958299,Jerald Pudney,2024-05-23,470
374622167955672,Beryle Cattrell,2024-04-19,471
374622905544135,Felix Mettetal,2024-02-04,472
374622587309914,Nonah Colpus,2024-03-17,473
374622999751612,Feliks Burdytt,2024-07-25,474
374622898305858,Karol Andino,2024-06-28,475
374622954803416,Nickolaus Pimer,2024-08-07,476
374622834443011,Roma Ditzel,2024-05-02,477
374622719884750,Orran Lammenga,2024-08-21,478
374622824172224,Wallace Blatcher,2024-01-24,479
374622339480427,Munmro Kilius,2024-04-15,480
374622304152613,Guntar Manley,2024-10-14,481
374622282908176,Jennilee McLaughlan,2023-12-17,482
374622296298002,Elyse Steffan,2024-10-17,483
374622882425118,Chico Brownlow,2024-01-23,484
374622534073993,Nicolle Mateus,2024-06-25,485
374622535969496,Glory Taysbil,2024-05-22,486
374622763501912,Etta Wakenshaw,2024-10-30,487
374622176733870,Cathe Woolbrook,2024-03-11,488
374622312549263,Frans Raper,2024-06-18,489
374622649078580,Laurette Notton,2024-03-18,490
374622828822311,Granger Shankland,2024-03-11,491
374622873057391,Kasper Jervis,2024-08-03,492
374622758944838,Winthrop Escalante,2023-12-10,493
374622722259412,Sheilah Davitt,2024-12-02,494
374622594072943,Ferris Appleby,2024-08-30,495
374622726699100,Edie Kaming,2024-10-30,496
374622957663866,Biron Saxton,2024-06-28,497
374622347089285,Adey Diddams,2024-02-04,498
374622518540116,Bennett Kardos,2024-10-02,499
374622831741375,Clarabelle Shayes,2024-09-08,500
374622562231901,Bee Rozzell,2024-07-04,501
374622365380186,Gerrard Woodhead,2024-01-25,502
374622355572065,Sherlocke Chaloner,2024-09-13,503
374622594984907,Elliot Grass,2024-01-11,504
374622389810408,Sax Drewe,2023-12-23,505
374622471312818,Hortense Gash,2024-01-09,506
374622373944874,Dar Sailes,2024-03-11,507
374622356262542,Averil Duckhouse,2024-06-02,508
374622161096168,Ileana Betser,2024-04-25,509
374622891314568,Brier Edgett,2024-02-08,510
374622469363492,Durward Bower,2024-05-24,511
374622852888568,Benedicta Eales,2024-06-24,512
374622794742352,Caye Padley,2024-06-22,513
374622942449553,Aeriell Cope,2024-08-20,514
374622988643903,Jennilee Jackling,2024-04-03,515
374622735920042,Dayna Grayland,2024-11-10,516
374622713510872,Antoni Rishworth,2024-03-30,517
374622079958632,Theresina Luno,2023-12-26,518
374622805734356,Bianka Blaxter,2024-09-01,519
374622264022582,Michael Manueau,2024-02-24,520
374622313842907,Dinny Macoun,2024-06-26,521
374622089176563,Teressa de Quincey,2023-12-22,522
374622737363381,Blythe Dumbreck,2024-05-27,523
374622349681584,Gene Stanbro,2024-08-19,524
374622582072178,Gerrie Messager,2024-11-08,525
374622629061523,Gabriel Whitely,2024-11-07,526
374622443383442,Shirl Oleszcuk,2024-01-24,527
374622914400311,Godfry McDoual,2024-09-03,528
374622763964029,Ulrika Bengefield,2024-04-26,529
374622928307346,Ruth Cookney,2024-02-19,530
374622724523377,Delores Treleven,2024-07-30,531
374622342137097,Serene Shanley,2024-04-29,532
374622836906965,Welch Duxfield,2024-03-11,533
374622206965088,Craggie Matusovsky,2024-08-14,534
374622111023650,Moll Reddecliffe,2024-04-28,535
374622658384580,Martie Abelwhite,2024-05-12,536
374622115769787,Peyton Missen,2024-01-14,537
374622031854390,Jobi Fairbourne,2024-06-02,538
374622501884067,Sayers Lacoste,2024-06-30,539
374622327899778,Sylas Agneau,2024-11-09,540
374622383903092,Rene Rosendall,2024-03-16,541
374622741061872,Mildred Lethbrig,2024-09-05,542
374622240201805,Denver Marriott,2024-06-23,543
374622183040913,Adrian Settle,2024-09-14,544
374622825308579,Juliann MacCaghan,2024-07-17,545
374622080464851,Brit Franck,2024-11-01,546
374622404631722,Hobart Ortega,2024-01-23,547
374622341444494,Tyler Wasson,2024-11-21,548
374622517048269,Helenelizabeth Vedeshkin,2024-03-26,549
374622099591561,Sol Newcome,2024-12-06,550
374622524888046,Hubert Gascar,2024-04-21,551
374622375982229,Malachi De la Yglesias,2024-08-29,552
374622742987588,Gare Dawidsohn,2024-09-22,553
374622041377812,Rikki Hefforde,2024-06-06,554
374622606685765,Hayden Meconi,2024-07-27,555
374622734817777,Wildon Targe,2024-02-28,556
374622751014126,Vikki Judson,2024-02-04,557
374622590861570,Charmain Hunnaball,2024-11-17,558
374622640842018,Charla Tompsett,2024-01-10,559
374622855871579,Nesta Minihane,2024-01-30,560
374622409645487,Harper Shurmer,2024-10-31,561
374622990207978,Ardenia Gallier,2024-01-16,562
374622790294671,Duncan Arnoldi,2024-08-01,563
374622799109201,Desirae Bland,2024-12-01,564
374622991862292,Curr Fruchter,2024-09-24,565
374622093573771,Morgen Bloomer,2024-03-28,566
374622928944577,Chloe Defond,2024-03-05,567
374622323695337,Lefty Swatheridge,2024-05-09,568
374622497332204,Billye Jerisch,2024-06-08,569
374622856393730,Fitzgerald Parriss,2024-08-06,570
374622428290950,Myer Dommett,2024-10-02,571
374622143557485,Verne Tithacott,2023-12-23,572
374622092151959,Augie Braxay,2024-06-18,573
374622543482854,Gale Fenich,2024-10-25,574
374622669176413,Duff Lello,2024-01-03,575
374622354323478,Magnum Cuttin,2024-08-31,576
374622240162502,Winslow Scourgie,2024-05-09,577
374622762025020,Winifred Lay,2024-02-07,578
374622369697106,Lula Pearsey,2024-04-22,579
374622189400483,Yvonne Riba,2024-09-08,580
374622808474018,Bald Treanor,2024-07-08,581
374622283237229,Alina Bendare,2024-10-11,582
374622166949387,Maren Lippett,2024-09-17,583
374622919096445,Enrique Sandry,2024-07-04,584
374622713597671,Aleta Alvis,2024-10-04,585
374622762074127,Ransell Dyet,2024-10-15,586
374622818240656,Jesse Dines,2024-03-17,587
374622489753219,Teri Skones,2023-12-11,588
374622304588022,Rayna Gavaran,2023-12-15,589
374622702020834,Mireille Crapper,2024-08-26,590
374622506563591,Belia Shurmer,2024-09-14,591
374622949089923,Teriann Carne,2024-05-04,592
374622316466985,Ganny Connelly,2024-05-17,593
374622035028587,Rosita Birney,2024-06-05,594
374622549835006,Burk Hylden,2024-07-31,595
374622660453068,Hillary Haile,2024-04-19,596
374622025551861,Benedick Jaques,2024-06-15,597
374622529239344,Husein Slimings,2024-10-13,598
374622876569699,Samara Goullee,2024-03-12,599
374622365801256,Vinson Vazquez,2024-07-15,600
374622249046300,Ashley Compfort,2024-07-29,601
374622546640334,Evangeline Libbis,2024-06-06,602
374622145790647,Leann Bounde,2024-10-06,603
374622193146403,Goraud Beinisch,2024-11-28,604
374622828191824,Candice Bouchier,2024-11-30,605
374622465221744,Agnola Spiers,2024-08-26,606
374622972388044,Tobe Delgadillo,2024-10-01,607
374622663889359,Thoma Carbett,2023-12-13,608
374622181134387,Peadar Beavis,2024-11-20,609
374622906543185,Randy Berriball,2024-10-19,610
374622369844070,Freeland Audley,2024-03-07,611
374622735721275,Devinne Songest,2024-04-20,612
374622984932649,Pepita Stockley,2024-09-22,613
374622913706122,Brod Baselio,2023-12-10,614
374622943820281,Killie Brinicombe,2024-08-24,615
374622951305076,Guillaume Mincini,2024-11-19,616
374622310819528,Darlene Hamm,2024-01-21,617
374622326878617,Artemas Stothart,2023-12-24,618
374622479824269,Issie Dooman,2024-11-24,619
374622041450627,Elayne Burleigh,2024-10-08,620
374622574090519,Malinde McGuckin,2024-10-29,621
374622769397919,Rhody Youthead,2024-02-05,622
374622011528675,Petr Arrington,2024-09-22,623
374622537478629,Lin Terzo,2024-11-03,624
374622560755125,Hans Synnot,2024-02-21,625
374622001961894,Hercule Longworth,2024-05-02,626
374622067077676,Alec Battson,2024-03-07,627
374622723498514,Margi Sommerton,2023-12-11,628
374622706712253,Jordon Emby,2024-05-22,629
374622062370159,Filip Aisbett,2024-08-10,630
374622160357496,Kassey Conquest,2024-10-17,631
374622899002827,Gregor Dyble,2024-07-15,632
374622477118060,Jammal Verrico,2024-06-15,633
374622642660954,Benny Griss,2024-03-19,634
374622696193050,Cathy Lenard,2024-11-15,635
374622547059930,Waylan Chedgey,2024-02-21,636
374622191773760,Corabel Bletsor,2024-04-24,637
374622890235962,Agretha Peirazzi,2024-12-05,638
374622877580075,Aldwin Le Fevre,2024-09-19,639
374622784949132,Philbert O'Kennedy,2024-09-19,640
374622973681371,Tynan German,2024-10-06,641
374622660443028,Lou Lethbury,2024-10-11,642
374622199035113,Massimiliano Dockree,2024-01-26,643
374622790480205,Randall Kleinstein,2024-10-16,644
374622847054680,Abbie Schelle,2024-10-31,645
374622364963321,Paulo Goult,2023-12-26,646
374622706191615,Rollin Mountford,2024-10-19,647
374622059546431,Anni Flett,2024-06-18,648
374622034271899,Danica Ivimey,2024-03-22,649
374622831937270,Shelly Tebbut,2024-02-14,650
374622183494136,Claudetta MacGiolla,2024-04-20,651
374622213957896,Eyde Knox,2024-07-24,652
374622570083989,Jaynell Sirrell,2024-09-13,653
374622135965365,Selby Deek,2024-05-19,654
374622688234425,Rozalin Durnall,2024-04-15,655
374622017189605,Merwyn Bellhouse,2024-02-16,656
374622313103995,Lonnard Abys,2024-07-27,657
374622359009346,Harp Batterbee,2024-10-26,658
374622640078217,Lyda MacTrustey,2024-07-22,659
374622012343975,Frederique Rizzello,2024-01-04,660
374622469525884,Bren Duckworth,2024-04-21,661
374622061816079,Lidia Jonk,2024-10-12,662
374622269532288,Sinclair Machent,2024-04-10,663
374622744030031,Oriana McFadzean,2024-01-14,664
374622250469110,Rennie Scutts,2023-12-24,665
374622898807564,Steffane McAvin,2024-12-04,666
374622929345725,Gale Donativo,2024-05-24,667
374622261393515,Faber Swidenbank,2024-07-15,668
374622725647910,Drusie Assel,2023-12-31,669
374622364225515,Aurthur Oldershaw,2024-04-04,670
374622068345304,Lynnell Huglin,2024-11-09,671
374622373296606,Gwyn McLleese,2024-11-16,672
374622621918845,Madelina Kilmister,2024-04-08,673
374622439497008,Valentina Yglesias,2024-01-14,674
374622459141247,Goldina Duffit,2024-06-19,675
374622007467920,Freddi Maccaddie,2024-08-08,676
374622698530770,Klement Santino,2024-03-03,677
374622906421846,Theadora Margrie,2024-11-16,678
374622812789575,Joleen Dussy,2024-10-08,679
374622134478238,Merry Bulcock,2024-05-08,680
374622495722661,Urbain Bellhanger,2024-10-17,681
374622068693174,Ricki Llopis,2023-12-26,682
374622199229484,Tara Rassell,2024-09-01,683
374622495986472,Marcel Jon,2024-03-28,684
374622640775259,Jone O'Gormley,2023-12-30,685
374622977204667,Gianna Belle,2024-10-26,686
374622681083720,Hercules Pagan,2024-05-17,687
374622151786000,Cam Lilford,2024-04-13,688
374622095567649,Tadd Crease,2023-12-23,689
374622251598883,Viviene Rudolph,2024-06-17,690
374622417823449,Moses Sebley,2024-08-24,691
374622877216142,Zea Darlison,2024-03-06,692
374622933708181,Donall Aspden,2024-07-04,693
374622920219481,Mitch Lusty,2024-08-21,694
374622178628656,Banky Riveles,2024-04-14,695
374622715868856,Dinnie Dagg,2024-07-18,696
374622995819611,Ezechiel Shory,2024-08-11,697
374622453963760,Gabbey Milliken,2024-06-14,698
374622917016064,Nick MacCambridge,2024-07-15,699
374622643695264,Job Chavey,2024-06-18,700
374622157279562,Tedda Gregoriou,2024-06-21,701
374622171362089,Ximenez Barbara,2024-05-11,702
374622347549601,Kala Dougan,2024-02-04,703
374622125962109,Jamesy Muldownie,2024-08-03,704
374622922312599,Cheslie Bartol,2024-06-17,705
374622985785566,Carlynn Cadwell,2024-08-07,706
374622023656365,Maurine Tudhope,2024-09-05,707
374622240570316,Ebenezer Eydel,2024-11-15,708
374622071761596,Evelina Gaye,2024-06-06,709
374622050144442,Leonerd Scotchford,2024-05-07,710
374622351642458,Tiphany Harsnipe,2024-07-25,711
374622936462653,Suzann Dobbison,2024-05-26,712
374622048512106,Franklyn Lintin,2024-04-06,713
374622583603591,Toby Ellph,2024-09-19,714
374622835046631,Josephina Scholtz,2024-09-15,715
374622288397671,Yankee Eyden,2024-05-15,716
374622583367783,Ronnie Truesdale,2024-10-01,717
374622099120544,Reggy Bartalin,2024-10-11,718
374622361178980,Roger Ubsdell,2024-05-27,719
374622038437470,Nicolai Floyed,2024-11-21,720
374622315299254,Morie Ybarra,2024-02-17,721
374622262260036,Vaughan Millan,2024-10-08,722
374622277472055,Urbano Beeswing,2024-05-31,723
374622597680858,Ellie Henrie,2024-08-25,724
374622993323582,Dodi Parfrey,2024-09-21,725
374622028139482,Marilyn Piggin,2024-10-30,726
374622229681886,Addie Hillburn,2024-08-01,727
374622049477440,Heida Casaccio,2024-11-21,728
374622407882074,Nowell Scally,2023-12-20,729
374622657708193,Fields Emm,2024-03-20,730
374622951382570,Leanora Rispine,2024-02-24,731
374622180400698,Saidee Hark,2024-02-22,732
374622402740848,Gaile Aspinwall,2024-05-04,733
374622017444760,Holt Wenden,2023-12-20,734
374622904151817,Lyndell Hauch,2024-05-24,735
374622160222872,Merrilee Axon,2024-01-18,736
374622129675376,Karolina Paolinelli,2024-04-05,737
374622962968151,Winonah Kaesmans,2023-12-10,738
374622483397948,Alley Brodest,2024-06-03,739
374622959359984,Warren Thomsson,2024-10-01,740
374622840760408,Fritz Luddy,2024-01-21,741
374622352582158,Henrietta Bradforth,2024-08-28,742
374622149962770,Lyndsey Hefferan,2024-10-13,743
374622584550403,Delmar Flinders,2024-03-22,744
374622803445807,Leilah Bradford,2024-09-02,745
374622003160966,Mona Phetteplace,2024-10-15,746
374622132826933,Meggi Pinel,2024-05-31,747
374622681594627,Jemima Kilpatrick,2024-06-04,748
374622254770687,Nellie Kennedy,2024-09-01,749
374622248262189,Talbot McOrkill,2024-10-18,750
374622345012560,Nathanael Stefi,2024-06-03,751
374622399598951,Eada Durbin,2024-10-21,752
374622584051097,Jemimah Lode,2024-05-21,753
374622437887689,Kelly Fasset,2024-10-30,754
374622999613499,Tiff Bazek,2024-11-16,755
374622142647014,Seumas Krimmer,2024-11-26,756
374622939318167,Carroll McLaverty,2024-07-02,757
374622010500477,Ade Simonazzi,2024-11-04,758
374622900418376,Robin Quaintance,2024-01-30,759
374622426853064,Giusto Trigg,2024-09-02,760
374622096117634,Marilin Caress,2023-12-17,761
374622141033414,Robinette Isacoff,2024-06-22,762
374622615573606,Wakefield Wrotham,2023-12-14,763
374622728661066,Luise Newell,2024-01-05,764
374622652920116,Grace Wadman,2024-02-03,765
374622175676187,Dominick Danit,2024-06-11,766
374622777057315,Lonnard Carnow,2024-06-05,767
374622672143640,Ly Raycroft,2024-04-14,768
374622224889989,Jacynth Crimpe,2024-08-14,769
374622297231119,Lelia Leile,2024-04-02,770
374622266535458,Sal Spreadbury,2024-01-15,771
374622838555513,Waylen Wheble,2024-02-03,772
374622830477955,Griffith Temprell,2024-07-30,773
374622965345076,Llewellyn Martyntsev,2024-02-25,774
374622209757474,Juliet Rangell,2024-01-24,775
374622229469563,Dede Stratley,2024-09-09,776
374622118831733,Freddy Gagie,2024-03-21,777
374622495361312,Betteanne Dorning,2024-02-28,778
374622763286555,Miltie Greenlies,2024-07-12,779
374622636717596,Francklin Hoyt,2024-03-08,780
374622671230489,Carly Dekeyser,2024-06-28,781
374622737705664,Bruce Jerratsch,2024-09-22,782
374622454680082,Lucinda Redgrove,2024-08-26,783
374622966359712,Jedd Scantlebury,2023-12-15,784
374622003079703,Otto Costard,2024-11-26,785
374622658363162,Pieter Alten,2024-01-20,786
374622756460159,Alec Klazenga,2023-12-19,787
374622494610669,Regen Gwinnell,2024-03-09,788
374622851469014,Laurie Knaggs,2024-02-11,789
374622405852475,Conni Fidal,2024-09-14,790
374622647613412,Zsa zsa Brixey,2024-02-19,791
374622989127633,Clovis Morkham,2024-11-22,792
374622292924684,Modesty Casterou,2024-06-15,793
374622067961853,Rutter Middlemist,2024-05-24,794
374622009820720,Patin McGinley,2024-01-14,795
374622204974462,Kiri Cabane,2024-05-02,796
374622829295558,Sumner Starmore,2024-11-15,797
374622638103720,Basilio Grayham,2024-03-02,798
374622995842373,Sinclair Gage,2024-02-24,799
374622236535018,Bev Engelmann,2024-10-07,800
374622360555071,Athena Cosstick,2024-09-02,801
374622256749143,Dulsea Rainsbury,2024-11-29,802
374622997633085,Celia Wellings,2024-05-05,803
374622976375864,Thayne McMillam,2023-12-21,804
374622962140892,Eustace Gelletly,2024-04-04,805
374622885797950,Cassandre Laslett,2024-09-13,806
374622798407242,Morgan Lamplugh,2024-07-25,807
374622324339216,Gabie Webborn,2024-06-19,808
374622624002175,Gustaf Osmund,2024-10-02,809
374622785388967,Avis Cammiemile,2024-03-15,810
374622585995490,Orton Osman,2023-12-31,811
374622271523242,Abram Lory,2024-10-26,812
374622063976384,Erastus Cashford,2024-02-25,813
374622030510431,Willette Steagall,2024-03-24,814
374622725674674,Petronella Stevings,2024-08-17,815
374622445451130,Leonie Maudlen,2024-02-06,816
374622433414256,Teriann Penberthy,2024-06-05,817
374622458745048,Todd Gallant,2024-11-22,818
374622423342202,Chlo O'Sullivan,2024-08-01,819
374622152596747,Alford Murtimer,2024-08-06,820
374622657038427,Billie Hardes,2024-12-04,821
374622557947560,Kissiah Swaton,2024-02-29,822
374622420931833,Carmon Baddiley,2024-10-11,823
374622241090686,Tyler Blair,2024-09-27,824
374622812361045,Therese Binion,2024-09-29,825
374622771644290,Ward Castenda,2024-07-18,826
374622745146919,Quinn Maltster,2024-01-03,827
374622441333316,Corenda Lernihan,2024-02-07,828
374622232010511,Clarine Baudain,2024-04-21,829
374622582656632,Durante Evenett,2024-07-10,830
374622228286463,Marion Bellenie,2024-06-01,831
374622882935686,Abigale Karle,2024-10-26,832
374622389641563,Cathe Veschambes,2024-03-25,833
374622736982009,Andreana Cohalan,2024-10-23,834
374622962097241,Gail Osgar,2024-03-14,835
374622221953796,Kizzee Hellsdon,2024-01-13,836
374622030753262,Timotheus Stainbridge,2024-06-11,837
374622517326111,Juana Lutzmann,2023-12-17,838
374622653831577,Jannelle M'Quhan,2024-02-01,839
374622068656718,Loralee Leatherbarrow,2024-05-18,840
374622384776414,Dwayne Choak,2024-06-08,841
374622310175129,Greer Fahy,2024-03-31,842
374622179392864,Linus Muldowney,2024-10-16,843
374622435553804,Sybil Attlee,2024-11-03,844
374622892934612,Noami Village,2024-10-06,845
374622268440996,Rosie Naton,2024-11-18,846
374622462779603,Thelma Guitt,2024-08-14,847
374622863472998,Elset Heartfield,2024-06-07,848
374622622531290,Liesa Iskow,2024-03-02,849
374622545609090,Ellis Lyons,2024-11-29,850
374622127942034,Leonidas Wilderspoon,2024-02-12,851
374622299706399,Deanna Kohnen,2024-03-01,852
374622136891586,Myrwyn Dries,2023-12-10,853
374622439142315,Edlin Lorinez,2024-10-14,854
374622359640181,Henka Cheng,2024-03-05,855
374622620369503,Lydon Vreede,2023-12-30,856
374622198866062,Kassia Tombs,2024-09-21,857
374622582265350,Farr Kobpal,2024-02-28,858
374622703975465,Orelee Le Maitre,2024-01-23,859
374622873216674,Marline Bedinham,2024-09-24,860
374622736465286,Emalee Camosso,2024-03-04,861
374622753261956,Garrik Gorham,2024-07-18,862
374622811746865,Axel Raven,2024-06-01,863
374622579035428,Cathlene Winspare,2024-09-03,864
374622149072133,Ethyl Leupold,2024-09-01,865
374622538418426,Harriot Tegeller,2024-08-08,866
374622046452669,Hirsch Culham,2023-12-11,867
374622782378706,Larine Devonish,2023-12-19,868
374622979815783,Alonzo Sandhill,2023-12-28,869
374622687156645,Larry Parry,2024-03-06,870
374622987986741,Eloise Poletto,2024-08-15,871
374622854256764,Ceciley Peasby,2024-07-20,872
374622751315507,Orson Luna,2024-04-03,873
374622437255390,Yvonne Reford,2024-05-21,874
374622302229652,Jarad Asipenko,2024-09-16,875
374622451689805,Enid Shakelady,2024-09-15,876
374622559409007,Fidelio Michelet,2024-01-31,877
374622530304681,Tiffani Handaside,2024-08-20,878
374622074073908,Roxi Roelvink,2024-11-07,879
374622264745299,Ninnetta Fanner,2024-09-19,880
374622448451897,Corrina Pyle,2024-03-06,881
374622489883651,Deane Alflat,2024-06-15,882
374622987684007,Norry Blampey,2024-11-15,883
374622357785491,Rafael Uttridge,2024-06-02,884
374622869813351,Fairlie Pyson,2024-05-07,885
374622514239762,Dante Clancy,2024-09-26,886
374622577688038,Brinna Gather,2024-03-14,887
374622254649105,Georgeta Baldelli,2024-05-30,888
374622012822259,Thomasa Gianolo,2024-08-03,889
374622603705731,Keven Pittford,2024-08-10,890
374622962721576,Carole Hartopp,2024-11-20,891
374622706006599,Danita Bachelor,2024-07-26,892
374622178230339,Scott Waslin,2024-11-19,893
374622986405479,Pall O'Scully,2024-02-04,894
374622220417405,Emmy Garrett,2023-12-19,895
374622182219229,Jacquie Grundwater,2024-02-17,896
374622221502833,Stevie Bisco,2024-03-08,897
374622796548203,Ardella Bercevelo,2024-12-07,898
374622622079134,Stephine Hawkings,2024-02-23,899
374622101576436,Hi Maywood,2024-04-15,900
374622346205668,Seline Gunbie,2024-08-12,901
374622601592123,Amity Goodwins,2024-02-05,902
374622583580583,Dexter Cowpertwait,2024-01-30,903
374622107719097,Jaye Senton,2024-07-25,904
374622573213708,Ysabel Ivory,2024-05-26,905
374622620538602,Angelia Baldick,2024-09-10,906
374622831016786,Gwenneth Bodemeaid,2024-10-21,907
374622746601490,Dael Harriot,2024-01-11,908
374622676704983,Blayne Cottie,2024-01-09,909
374622351792543,Pavla Dyka,2024-02-14,910
374622185283495,Ginny Mew,2024-03-03,911
374622816621733,Derk McNuff,2024-07-13,912
374622989042709,Elene Flatt,2024-08-27,913
374622435500284,Hillie Boggas,2024-08-12,914
374622780133335,Lorettalorna Ivakhno,2024-04-20,915
374622240199413,Vernen Charles,2024-07-01,916
374622038639661,Mary Samme,2024-08-18,917
374622444037278,Alta Fludgate,2024-07-10,918
374622196514839,Willamina Ivashnikov,2024-02-02,919
374622048323322,Liesa Crellim,2024-11-19,920
374622002454790,Staci McAw,2024-08-05,921
374622832706922,Grantham Haskey,2024-03-24,922
374622754492725,Emmalee Ollington,2024-06-23,923
374622634157092,Glennis Wyllis,2024-05-10,924
374622476603427,Adolph Batha,2024-10-13,925
374622196788128,Lindon Geake,2024-07-28,926
374622152380126,Lief Lightwing,2024-08-27,927
374622885885441,Gwendolen Beiderbeck,2024-05-21,928
374622256979195,Randolf Croose,2024-07-07,929
374622757514533,Chico Cowperthwaite,2024-02-09,930
374622887417730,Dominica Kidston,2024-03-25,931
374622756785746,Jeffry Novis,2024-08-09,932
374622380718030,Germain Ruppertz,2024-02-08,933
374622096203053,Any Johnston,2024-07-15,934
374622783658510,Nerta Bygreaves,2024-07-03,935
374622256083725,Zorina Sedgebeer,2024-05-31,936
374622046902705,Lennard Anstiss,2024-03-29,937
374622837407542,Maurise Stapele,2024-05-20,938
374622924143679,Erhart Bilt,2024-07-07,939
374622407167062,Zelig Cookson,2024-06-21,940
374622912827002,Brodie Ringham,2024-09-28,941
374622862496600,Fonz Collingdon,2024-06-08,942
374622589168979,Wendie Di Frisco,2024-02-25,943
374622853796646,Mallory Jenicke,2024-01-13,944
374622277853593,Konstance Beretta,2024-11-07,945
374622029222030,Karoly Gapper,2024-08-20,946
374622592937329,Andras Isley,2024-09-25,947
374622278238489,Lavena Beddon,2024-08-01,948
374622019619799,Merrili Chattington,2024-08-31,949
374622865473259,Nettle Giamuzzo,2024-03-02,950
374622121631005,Rafa Eiler,2024-11-24,951
374622797862447,Minnnie Grigolashvill,2024-09-12,952
374622033094938,Haslett Slimm,2023-12-16,953
374622052169801,Elinor Messam,2024-10-28,954
374622529440454,Baxy Meadley,2024-06-16,955
374622655832169,Ware Hilldrup,2024-08-29,956
374622523598125,Ulberto Vedeneev,2024-12-02,957
374622328691513,Tucky Radbourn,2024-03-24,958
374622698488631,Pearce Landrean,2024-11-07,959
374622183397990,Billye Pratley,2024-09-27,960
374622748394136,Rodina Sefton,2024-08-03,961
374622913167903,Filippo Kock,2024-09-18,962
374622439012450,Arielle Mcimmie,2024-01-21,963
374622997506471,Tiphanie Wheway,2024-10-09,964
374622898158950,Phoebe Mitkcov,2024-01-29,965
374622918014639,Ky Swetmore,2024-08-15,966
374622784302977,Queenie Hanwright,2024-04-16,967
374622733516057,Nick Pitone,2023-12-14,968
374622854888319,Izaak McNellis,2024-09-26,969
374622871878145,Kareem Cheverton,2024-01-09,970
374622025080549,Mil Garbutt,2024-07-13,971
374622006870421,Deanne Chown,2024-07-29,972
374622790852643,Philly Allabush,2024-08-22,973
374622794732429,Jessamyn Horrigan,2024-05-19,974
374622240947738,Haily Noteyoung,2024-05-28,975
374622697197019,Gillan Byatt,2024-09-13,976
374622883910043,Jaquenetta Roper,2024-09-16,977
374622160257951,Johan Lamberts,2024-12-08,978
374622511898719,Arlinda Jorioz,2024-03-13,979
374622876380675,Orland Gerrelt,2024-05-19,980
374622617470140,Hedvig Digg,2024-05-20,981
374622299382225,Elissa Patman,2024-08-17,982
374622311940554,Nicki Maxwell,2024-01-07,983
374622755767703,Danica Phillott,2024-05-17,984
374622408704038,Juditha Jost,2024-10-17,985
374622594140609,Jinny Manton,2024-08-17,986
374622407429629,Sandie Lyman,2024-01-15,987
374622732487102,Christal Metzel,2024-05-06,988
374622544425670,Annabella Pietzner,2024-03-12,989
374622803364636,Daveta Pashby,2024-06-07,990
374622705304037,Natala Dukesbury,2024-10-01,991
374622967793281,Ula McLae,2024-11-13,992
374622915200223,Latia Leyburn,2024-09-05,993
374622514580314,Kirby O'Lynn,2024-07-29,994
374622138194591,Milka Sieghard,2024-10-17,995
374622387054199,Howard Yaakov,2024-10-17,996
374622045281879,Andree Bilam,2024-07-02,997
374622288006157,Bert Tweede,2024-03-25,998
374622514730653,Jasen Alldre,2024-04-15,999
374622579067389,Marissa Fosten,2024-09-02,1000